fecha,banco,valor,monto
2026-06-29,Banco BISA,9.72,3957089.0
2026-06-29,Banco Económico,9.77,5194132.0
2026-06-29,Banco Fortaleza,9.82,400000.0
2026-06-29,Banco Ganadero,9.78,3046253.0
2026-06-29,Banco Mercantil Santa Cruz,9.64,3150669.0
2026-06-29,Banco Nacional de Bolivia,9.75,1440469.0
2026-06-29,Banco Solidario,9.63,105300.0
2026-06-29,Banco Unión,9.05,650.0
2026-06-29,Banco de Crédito,9.46,21481.0
2026-06-29,Banco de la Nación Argentina,9.7,7425.0
2026-06-30,Banco BISA,9.73,2707410.0
2026-06-30,Banco Económico,9.79,418104.0
2026-06-30,Banco FIE,9.73,105419.0
2026-06-30,Banco Fortaleza,9.73,123435.0
2026-06-30,Banco Ganadero,9.7,1721370.0
2026-06-30,Banco Mercantil Santa Cruz,9.8,9831975.0
2026-06-30,Banco Nacional de Bolivia,9.59,1421597.0
2026-06-30,Banco PYME Ecofuturo,9.73,730.0
2026-06-30,Banco PYME de la Comunidad,9.73,7544.0
2026-06-30,Banco Prodem,9.63,10687.0
2026-06-30,Banco Solidario,9.73,246271.0
2026-06-30,Banco Unión,9.73,676658.0
2026-06-30,Banco de Crédito,9.67,99697.0
2026-06-30,Banco de la Nación Argentina,9.63,8870.0
2026-07-01,Banco BISA,9.79,1521341.0
2026-07-01,Banco Económico,9.72,114942.0
2026-07-01,Banco FIE,9.66,11564.0
2026-07-01,Banco Fortaleza,9.71,169833.0
2026-07-01,Banco Ganadero,9.73,2793562.0
2026-07-01,Banco Mercantil Santa Cruz,9.77,1250939.0
2026-07-01,Banco Nacional de Bolivia,9.57,492923.0
2026-07-01,Banco PYME Ecofuturo,9.76,602.0
2026-07-01,Banco PYME de la Comunidad,9.76,244.0
2026-07-01,Banco Prodem,9.56,3759.0
2026-07-01,Banco Solidario,9.79,1908014.0
2026-07-01,Banco Unión,9.76,96187.0
2026-07-01,Banco de Crédito,9.78,2024916.0
2026-07-01,Banco de la Nación Argentina,9.66,6332.0
2026-07-02,Banco BISA,9.79,14976501.0
2026-07-02,Banco Económico,9.76,211466.0
2026-07-02,Banco FIE,9.66,8284.0
2026-07-02,Banco Fortaleza,9.75,96871.0
2026-07-02,Banco Ganadero,9.78,5914983.0
2026-07-02,Banco Mercantil Santa Cruz,9.56,406827.0
2026-07-02,Banco Nacional de Bolivia,9.75,2980659.0
2026-07-02,Banco PYME Ecofuturo,9.36,3620.0
2026-07-02,Banco PYME de la Comunidad,9.76,216.0
2026-07-02,Banco Prodem,9.36,5846.0
2026-07-02,Banco Solidario,9.76,2633673.0
2026-07-02,Banco Unión,9.89,1623334.0
2026-07-02,Banco de Crédito,9.77,993657.0
2026-07-02,Banco de la Nación Argentina,9.66,16886.0
2026-07-03,Banco BISA,9.81,8452401.0
2026-07-03,Banco Económico,9.78,1620163.0
2026-07-03,Banco FIE,9.68,40169.0
2026-07-03,Banco Fortaleza,9.78,16.0
2026-07-03,Banco Ganadero,9.78,5565363.0
2026-07-03,Banco Mercantil Santa Cruz,9.72,938532.0
2026-07-03,Banco Nacional de Bolivia,9.78,2567310.0
2026-07-03,Banco PYME Ecofuturo,9.38,2640.0
2026-07-03,Banco PYME de la Comunidad,9.78,2262.0
2026-07-03,Banco Prodem,9.48,4502.0
2026-07-03,Banco Solidario,9.77,431372.0
2026-07-03,Banco Unión,9.78,209115.0
2026-07-03,Banco de Crédito,9.86,1239519.0
2026-07-03,Banco de la Nación Argentina,9.77,27711.0
2026-07-04,Banco BISA,9.84,2150476.0
2026-07-04,Banco Económico,9.89,1754919.0
2026-07-04,Banco FIE,9.7,761.0
2026-07-04,Banco Fortaleza,9.81,1133622.0
2026-07-04,Banco Ganadero,9.81,8446426.0
2026-07-04,Banco Mercantil Santa Cruz,9.84,3817857.0
2026-07-04,Banco Nacional de Bolivia,9.8,2165993.0
2026-07-04,Banco PYME Ecofuturo,9.4,3815.0
2026-07-04,Banco PYME de la Comunidad,9.8,64.0
2026-07-04,Banco Prodem,9.7,18491.0
2026-07-04,Banco Solidario,9.85,802413.0
2026-07-04,Banco Unión,9.8,318733.0
2026-07-04,Banco de Crédito,9.88,1465788.0
2026-07-04,Banco de la Nación Argentina,9.7,11336.0
2026-07-07,Banco BISA,9.88,3646488.0
2026-07-07,Banco Económico,9.89,1198507.0
2026-07-07,Banco FIE,9.73,15603.0
2026-07-07,Banco Fortaleza,9.76,13299.0
2026-07-07,Banco Ganadero,9.71,1696172.0
2026-07-07,Banco Mercantil Santa Cruz,10.0,2540863.0
2026-07-07,Banco Nacional de Bolivia,9.8,153596.0
2026-07-07,Banco PYME Ecofuturo,9.43,47414.0
2026-07-07,Banco PYME de la Comunidad,9.83,7049.0
2026-07-07,Banco Prodem,9.73,4406.0
2026-07-07,Banco Solidario,9.9,962170.0
2026-07-07,Banco Unión,9.83,180125.0
2026-07-07,Banco de Crédito,9.93,1393544.0
2026-07-07,Banco de la Nación Argentina,9.8,17609.0
2026-07-08,Banco BISA,9.97,5791895.0
2026-07-08,Banco Económico,9.99,1336920.0
2026-07-08,Banco FIE,9.79,14763.0
2026-07-08,Banco Fortaleza,9.89,200.0
2026-07-08,Banco Ganadero,9.95,6275603.0
2026-07-08,Banco Mercantil Santa Cruz,10.01,1041185.0
2026-07-08,Banco Nacional de Bolivia,9.95,5858183.0
2026-07-08,Banco PYME Ecofuturo,9.49,107.0
2026-07-08,Banco PYME de la Comunidad,9.89,2000.0
2026-07-08,Banco Prodem,9.79,13867.0
2026-07-08,Banco Solidario,9.97,2513272.0
2026-07-08,Banco Unión,9.89,159336.0
2026-07-08,Banco de Crédito,9.91,818300.0
2026-07-08,Banco de la Nación Argentina,9.82,33464.0
2026-07-09,Banco BISA,10.09,3680119.0
2026-07-09,Banco Económico,9.92,35333.0
2026-07-09,Banco FIE,9.86,12445.0
2026-07-09,Banco Fortaleza,10.07,425000.0
2026-07-09,Banco Ganadero,10.04,6582110.0
2026-07-09,Banco Mercantil Santa Cruz,10.21,11639754.0
2026-07-09,Banco Nacional de Bolivia,9.94,3606295.0
2026-07-09,Banco PYME Ecofuturo,9.56,422.0
2026-07-09,Banco PYME de la Comunidad,9.96,1101.0
2026-07-09,Banco Prodem,9.86,57246.0
2026-07-09,Banco Solidario,10.06,1099352.0
2026-07-09,Banco Unión,9.96,47994.0
2026-07-09,Banco de Crédito,10.07,1264766.0
2026-07-09,Banco de la Nación Argentina,9.86,3320.0
2026-07-10,Banco BISA,10.23,3902015.0
2026-07-10,Banco Económico,10.24,724752.0
2026-07-10,Banco FIE,10.0,31651.0
2026-07-10,Banco Fortaleza,7.5,1814.0
2026-07-10,Banco Ganadero,10.13,4104284.0
2026-07-10,Banco Mercantil Santa Cruz,10.28,9884451.0
2026-07-10,Banco Nacional de Bolivia,10.14,3667634.0
2026-07-10,Banco PYME Ecofuturo,9.7,10.0
2026-07-10,Banco PYME de la Comunidad,10.1,570.0
2026-07-10,Banco Prodem,10.0,70219.0
2026-07-10,Banco Solidario,10.38,2131145.0
2026-07-10,Banco Unión,10.1,59816.0
2026-07-10,Banco de Crédito,10.26,5187313.0
2026-07-10,Banco de la Nación Argentina,10.0,2932.0
2026-07-11,Banco BISA,10.38,8250425.0
2026-07-11,Banco Económico,10.54,3806369.0
2026-07-11,Banco FIE,10.19,4985.0
2026-07-11,Banco Fortaleza,10.27,48871.0
2026-07-11,Banco Ganadero,10.3,3484965.0
2026-07-11,Banco Mercantil Santa Cruz,10.33,800634.0
2026-07-11,Banco Nacional de Bolivia,10.24,10288924.0
2026-07-11,Banco PYME Ecofuturo,9.84,112.0
2026-07-11,Banco PYME de la Comunidad,10.24,68.0
2026-07-11,Banco Prodem,10.14,3750.0
2026-07-11,Banco Solidario,10.57,4015518.0
2026-07-11,Banco Unión,10.24,339509.0
2026-07-11,Banco de Crédito,10.57,5834653.0
2026-07-11,Banco de la Nación Argentina,10.18,5190.0
2026-07-14,Banco BISA,10.53,2289085.0
2026-07-14,Banco Económico,10.53,432291.0
2026-07-14,Banco FIE,10.49,398680.0
2026-07-14,Banco Fortaleza,10.4,70.0
2026-07-14,Banco Ganadero,10.11,1560817.0
2026-07-14,Banco Mercantil Santa Cruz,10.66,3619878.0
2026-07-14,Banco Nacional de Bolivia,10.34,442571.0
2026-07-14,Banco PYME Ecofuturo,10.0,99.0
2026-07-14,Banco PYME de la Comunidad,10.4,252.0
2026-07-14,Banco Prodem,10.3,19587.0
2026-07-14,Banco Solidario,10.55,2250803.0
2026-07-14,Banco Unión,10.4,254558.0
2026-07-14,Banco de Crédito,10.38,256829.0
2026-07-14,Banco de la Nación Argentina,10.35,2526.0
2026-07-15,Banco BISA,10.59,11966870.0
2026-07-15,Banco Económico,10.72,2962605.0
2026-07-15,Banco FIE,10.8,2222232.0
2026-07-15,Banco Fortaleza,10.7,50545.0
2026-07-15,Banco Ganadero,10.58,5196937.0
2026-07-15,Banco Mercantil Santa Cruz,10.81,14928796.0
2026-07-15,Banco Nacional de Bolivia,10.4,392776.0
2026-07-15,Banco PYME Ecofuturo,10.1,1146.0
2026-07-15,Banco PYME de la Comunidad,10.5,2129.0
2026-07-15,Banco Prodem,10.4,11639.0
2026-07-15,Banco Solidario,10.52,316661.0
2026-07-15,Banco Unión,10.5,104882.0
2026-07-15,Banco de Crédito,10.73,4822134.0
2026-07-15,Banco de la Nación Argentina,10.43,9320.0
2026-07-17,Banco BISA,10.71,302164.0
2026-07-17,Banco Económico,10.67,457222.0
2026-07-17,Banco FIE,10.6,4732.0
2026-07-17,Banco Fortaleza,10.77,654089.0
2026-07-17,Banco Ganadero,10.69,7088776.0
2026-07-17,Banco Mercantil Santa Cruz,10.69,934189.0
2026-07-17,Banco Nacional de Bolivia,10.75,2835854.0
2026-07-17,Banco PYME Ecofuturo,10.3,600.0
2026-07-17,Banco PYME de la Comunidad,10.7,1074.0
2026-07-17,Banco Prodem,10.6,13772.0
2026-07-17,Banco Solidario,10.9,2004616.0
2026-07-17,Banco Unión,10.7,543561.0
2026-07-17,Banco de Crédito,10.84,3198820.0
2026-07-17,Banco de la Nación Argentina,10.69,89048.0
2026-07-18,Banco BISA,10.93,8439237.0
2026-07-18,Banco Económico,10.75,39890.0
2026-07-18,Banco FIE,10.65,5701.0
2026-07-18,Banco Fortaleza,10.8,812621.0
2026-07-18,Banco Ganadero,10.88,10013630.0
2026-07-18,Banco Mercantil Santa Cruz,10.82,6464449.0
2026-07-18,Banco Nacional de Bolivia,10.75,7903358.0
2026-07-18,Banco PYME Ecofuturo,11.13,585421.0
2026-07-18,Banco PYME de la Comunidad,10.75,1211.0
2026-07-18,Banco Prodem,10.65,1485.0
2026-07-18,Banco Solidario,10.99,671115.0
2026-07-18,Banco Unión,10.75,1040058.0
2026-07-18,Banco de Crédito,10.86,1705266.0
2026-07-18,Banco de la Nación Argentina,10.74,133165.0
2026-07-21,Banco BISA,10.94,6294201.0
2026-07-21,Banco Económico,10.84,65265.0
2026-07-21,Banco FIE,10.75,4003.0
2026-07-21,Banco Fortaleza,10.79,63063.0
2026-07-21,Banco Ganadero,10.86,4292292.0
2026-07-21,Banco Mercantil Santa Cruz,10.85,1003630.0
2026-07-21,Banco Nacional de Bolivia,10.78,263127.0
2026-07-21,Banco PYME Ecofuturo,10.45,6050.0
2026-07-21,Banco PYME de la Comunidad,10.85,457.0
2026-07-21,Banco Prodem,10.75,3923.0
2026-07-21,Banco Solidario,11.01,695397.0
2026-07-21,Banco Unión,10.9,838491.0
2026-07-21,Banco de Crédito,10.9,1724580.0
2026-07-21,Banco de la Nación Argentina,10.76,2739.0
2026-07-22,Banco BISA,11.0,8519844.0
2026-07-22,Banco Económico,10.8,10840.0
2026-07-22,Banco FIE,10.9,427580.0
2026-07-22,Banco Fortaleza,10.96,101420.0
2026-07-22,Banco Ganadero,10.98,4328290.0
2026-07-22,Banco Mercantil Santa Cruz,10.91,664484.0
2026-07-22,Banco Nacional de Bolivia,10.91,1157721.0
2026-07-22,Banco PYME Ecofuturo,10.9,200187.0
2026-07-22,Banco PYME de la Comunidad,10.9,1676.0
2026-07-22,Banco Prodem,10.8,6503.0
2026-07-22,Banco Solidario,11.06,7887965.0
2026-07-22,Banco Unión,10.9,619773.0
2026-07-22,Banco de Crédito,11.06,840759.0
2026-07-22,Banco de la Nación Argentina,10.96,55805.0
2026-07-23,Banco BISA,11.0,8519844.0
2026-07-23,Banco Económico,10.8,10840.0
2026-07-23,Banco FIE,10.9,427580.0
2026-07-23,Banco Fortaleza,10.96,101420.0
2026-07-23,Banco Ganadero,10.98,4328290.0
2026-07-23,Banco Mercantil Santa Cruz,10.91,664484.0
2026-07-23,Banco Nacional de Bolivia,10.91,1157721.0
2026-07-23,Banco PYME Ecofuturo,10.9,200187.0
2026-07-23,Banco PYME de la Comunidad,10.9,1676.0
2026-07-23,Banco Prodem,10.8,6503.0
2026-07-23,Banco Solidario,11.06,7887965.0
2026-07-23,Banco Unión,10.9,619773.0
2026-07-23,Banco de Crédito,11.06,840759.0
2026-07-23,Banco de la Nación Argentina,10.96,55805.0
2026-07-24,Banco BISA,11.22,10524285.0
2026-07-24,Banco Económico,11.23,443327.0
2026-07-24,Banco FIE,11.03,2814.0
2026-07-24,Banco Fortaleza,11.36,546641.0
2026-07-24,Banco Ganadero,11.19,6866825.0
2026-07-24,Banco Mercantil Santa Cruz,11.27,3743530.0
2026-07-24,Banco Nacional de Bolivia,11.11,3687810.0
2026-07-24,Banco PYME Ecofuturo,10.73,470.0
2026-07-24,Banco PYME de la Comunidad,11.13,6085.0
2026-07-24,Banco Prodem,11.03,103793.0
2026-07-24,Banco Solidario,11.31,2006683.0
2026-07-24,Banco Unión,11.13,55282.0
2026-07-24,Banco de Crédito,11.18,556143.0
2026-07-24,Banco de la Nación Argentina,11.03,20972.0
2026-07-25,Banco BISA,11.38,12716265.0
2026-07-25,Banco Económico,11.5,1922257.0
2026-07-25,Banco FIE,11.11,3355.0
2026-07-25,Banco Fortaleza,11.33,986507.0
2026-07-25,Banco Ganadero,11.38,9615144.0
2026-07-25,Banco Mercantil Santa Cruz,11.06,823926.0
2026-07-25,Banco Nacional de Bolivia,11.19,6862876.0
2026-07-25,Banco PYME Ecofuturo,10.81,2980.0
2026-07-25,Banco PYME de la Comunidad,11.21,142044.0
2026-07-25,Banco Prodem,11.11,2634.0
2026-07-25,Banco Solidario,11.42,460326.0
2026-07-25,Banco Unión,11.21,35890.0
2026-07-25,Banco de Crédito,11.56,4815867.0
2026-07-25,Banco de la Nación Argentina,11.11,7462.0
2026-07-28,Banco BISA,11.54,3636725.0
2026-07-28,Banco Económico,11.45,3088493.0
2026-07-28,Banco FIE,11.51,46440.0
2026-07-28,Banco Fortaleza,11.52,1067063.0
2026-07-28,Banco Ganadero,11.41,4163882.0
2026-07-28,Banco Mercantil Santa Cruz,11.55,3158392.0
2026-07-28,Banco Nacional de Bolivia,11.32,507386.0
2026-07-28,Banco PYME Ecofuturo,10.97,350.0
2026-07-28,Banco PYME de la Comunidad,11.37,5293.0
2026-07-28,Banco Prodem,11.27,22014.0
2026-07-28,Banco Solidario,11.54,1281388.0
2026-07-28,Banco Unión,11.37,53381.0
2026-07-28,Banco de Crédito,11.74,4096951.0
2026-07-28,Banco de la Nación Argentina,11.33,12619.0
2026-07-29,Banco BISA,11.77,8944464.0
2026-07-29,Banco Económico,11.83,1863927.0
2026-07-29,Banco FIE,12.06,3025087.0
2026-07-29,Banco Fortaleza,12.07,2000224.0
2026-07-29,Banco Ganadero,11.73,11345343.0
2026-07-29,Banco Mercantil Santa Cruz,11.91,4864421.0
2026-07-29,Banco Nacional de Bolivia,11.55,2514828.0
2026-07-29,Banco PYME Ecofuturo,11.39,242466.0
2026-07-29,Banco PYME de la Comunidad,11.54,426.0
2026-07-29,Banco Prodem,11.44,5435.0
2026-07-29,Banco Solidario,11.74,2661721.0
2026-07-29,Banco Unión,11.54,42014.0
2026-07-29,Banco de Crédito,11.78,1318312.0
2026-07-29,Banco de la Nación Argentina,11.51,24807.0
2026-07-30,Banco BISA,12.01,8978675.0
2026-07-30,Banco Económico,11.96,1308703.0
2026-07-30,Banco FIE,11.7,3769.0
2026-07-30,Banco Fortaleza,11.82,329802.0
2026-07-30,Banco Ganadero,11.82,3801257.0
2026-07-30,Banco Mercantil Santa Cruz,11.92,3788154.0
2026-07-30,Banco Nacional de Bolivia,11.77,12769237.0
2026-07-30,Banco PYME Ecofuturo,11.4,102330.0
2026-07-30,Banco PYME de la Comunidad,11.8,6397.0
2026-07-30,Banco Prodem,11.7,25950.0
2026-07-30,Banco Solidario,11.96,1091580.0
2026-07-30,Banco Unión,11.8,113341.0
2026-07-30,Banco de Crédito,11.93,9214129.0
2026-07-30,Banco de la Nación Argentina,11.92,126013.0
2026-07-31,Banco BISA,12.16,13240160.0
2026-07-31,Banco Económico,11.84,155918.0
2026-07-31,Banco FIE,12.04,525380.0
2026-07-31,Banco Fortaleza,12.33,1244318.0
2026-07-31,Banco Ganadero,12.15,11208390.0
2026-07-31,Banco Mercantil Santa Cruz,12.0,2275041.0
2026-07-31,Banco Nacional de Bolivia,11.95,1483401.0
2026-07-31,Banco PYME Ecofuturo,11.49,660.0
2026-07-31,Banco PYME de la Comunidad,11.89,5585.0
2026-07-31,Banco Prodem,11.79,11361.0
2026-07-31,Banco Solidario,12.07,556276.0
2026-07-31,Banco Unión,12.09,913229.0
2026-07-31,Banco de Crédito,12.24,7088267.0
2026-07-31,Banco de la Nación Argentina,11.8,17861.0
2026-08-01,Banco BISA,12.19,-
2026-08-01,Banco Económico,12.05,-
2026-08-01,Banco FIE,12.19,-
2026-08-01,Banco Fortaleza,12.11,-
2026-08-01,Banco Ganadero,12.08,-
2026-08-01,Banco Mercantil Santa Cruz,12.13,-
2026-08-01,Banco Nacional de Bolivia,12.17,-
2026-08-01,Banco PYME Ecofuturo,12.1,-
2026-08-01,Banco PYME de la Comunidad,12.15,-
2026-08-01,Banco Prodem,12.05,-
2026-08-01,Banco Solidario,12.04,-
2026-08-01,Banco Unión,12.19,-
2026-08-01,Banco de Crédito,12.18,-
2026-08-01,Banco de la Nación Argentina,12.16,-
2026-08-02,Banco BISA,12.19,7245017.0
2026-08-02,Banco Económico,12.05,2599071.0
2026-08-02,Banco FIE,12.19,551965.0
2026-08-02,Banco Fortaleza,12.11,576982.0
2026-08-02,Banco Ganadero,12.08,9927452.0
2026-08-02,Banco Mercantil Santa Cruz,12.13,5698732.0
2026-08-02,Banco Nacional de Bolivia,12.17,6795664.0
2026-08-02,Banco PYME Ecofuturo,12.1,220289.0
2026-08-02,Banco PYME de la Comunidad,12.15,26442.0
2026-08-02,Banco Prodem,12.05,76628.0
2026-08-02,Banco Solidario,12.04,3173792.0
2026-08-02,Banco Unión,12.19,2070157.0
2026-08-02,Banco de Crédito,12.18,2089165.0
2026-08-02,Banco de la Nación Argentina,12.16,111039.0
2026-08-03,Banco BISA,12.19,7245017.0
2026-08-03,Banco Económico,12.05,2599071.0
2026-08-03,Banco FIE,12.19,551965.0
2026-08-03,Banco Fortaleza,12.11,576982.0
2026-08-03,Banco Ganadero,12.08,9927452.0
2026-08-03,Banco Mercantil Santa Cruz,12.13,5698732.0
2026-08-03,Banco Nacional de Bolivia,12.17,6795664.0
2026-08-03,Banco PYME Ecofuturo,12.1,220289.0
2026-08-03,Banco PYME de la Comunidad,12.15,26442.0
2026-08-03,Banco Prodem,12.05,76628.0
2026-08-03,Banco Solidario,12.04,3173792.0
2026-08-03,Banco Unión,12.19,2070157.0
2026-08-03,Banco de Crédito,12.18,2089165.0
2026-08-03,Banco de la Nación Argentina,12.16,111039.0
2026-08-04,Banco BISA,11.96,2841500.0
2026-08-04,Banco Económico,11.97,1252144.0
2026-08-04,Banco FIE,12.03,55907.0
2026-08-04,Banco Fortaleza,12.31,1504777.0
2026-08-04,Banco Ganadero,12.07,5863479.0
2026-08-04,Banco Mercantil Santa Cruz,12.06,3372165.0
2026-08-04,Banco Nacional de Bolivia,12.05,2757615.0
2026-08-04,Banco PYME Ecofuturo,11.73,26160.0
2026-08-04,Banco PYME de la Comunidad,12.13,6283.0
2026-08-04,Banco Prodem,12.03,43765.0
2026-08-04,Banco Solidario,12.14,1577317.0
2026-08-04,Banco Unión,12.14,5433130.0
2026-08-04,Banco de Crédito,12.1,1976995.0
2026-08-04,Banco de la Nación Argentina,12.12,103665.0
2026-08-05,Banco BISA,12.03,106804901.0
2026-08-05,Banco Económico,11.92,4143980.0
2026-08-05,Banco FIE,12.19,1066948.0
2026-08-05,Banco Fortaleza,12.06,337142.0
2026-08-05,Banco Ganadero,11.98,13239973.0
2026-08-05,Banco Mercantil Santa Cruz,11.98,5251692.0
2026-08-05,Banco Nacional de Bolivia,12.02,14858962.0
2026-08-05,Banco PYME Ecofuturo,11.68,14353.0
2026-08-05,Banco PYME de la Comunidad,12.08,26452.0
2026-08-05,Banco Prodem,11.98,160064.0
2026-08-05,Banco Solidario,12.0,3326125.0
2026-08-05,Banco Unión,12.09,8717523.0
2026-08-05,Banco de Crédito,11.97,1990108.0
2026-08-05,Banco de la Nación Argentina,11.9,2533.0
2026-08-06,Banco BISA,11.86,30301395.0
2026-08-06,Banco Económico,11.88,1960611.0
2026-08-06,Banco FIE,12.05,213463.0
2026-08-06,Banco Fortaleza,11.87,105065.0
2026-08-06,Banco Ganadero,11.87,13107514.0
2026-08-06,Banco Mercantil Santa Cruz,11.87,6707597.0
2026-08-06,Banco Nacional de Bolivia,11.75,4040013.0
2026-08-06,Banco PYME Ecofuturo,11.62,2714.0
2026-08-06,Banco PYME de la Comunidad,12.02,58829.0
2026-08-06,Banco Prodem,11.82,288044.0
2026-08-06,Banco Solidario,11.85,1143658.0
2026-08-06,Banco Unión,11.92,889618.0
2026-08-06,Banco de Crédito,11.8,1650749.0
2026-08-06,Banco de la Nación Argentina,11.82,13769.0
2026-08-07,Banco BISA,11.86,30301395.0
2026-08-07,Banco Económico,11.88,1960611.0
2026-08-07,Banco FIE,12.05,213463.0
2026-08-07,Banco Fortaleza,11.87,105065.0
2026-08-07,Banco Ganadero,11.87,13107514.0
2026-08-07,Banco Mercantil Santa Cruz,11.87,6707597.0
2026-08-07,Banco Nacional de Bolivia,11.75,4040013.0
2026-08-07,Banco PYME Ecofuturo,11.62,2714.0
2026-08-07,Banco PYME de la Comunidad,12.02,58829.0
2026-08-07,Banco Prodem,11.82,288044.0
2026-08-07,Banco Solidario,11.85,1143658.0
2026-08-07,Banco Unión,11.92,889618.0
2026-08-07,Banco de Crédito,11.8,1650749.0
2026-08-07,Banco de la Nación Argentina,11.82,13769.0
2026-08-08,Banco BISA,11.86,30301395.0
2026-08-08,Banco Económico,11.88,1960611.0
2026-08-08,Banco FIE,12.05,213463.0
2026-08-08,Banco Fortaleza,11.87,105065.0
2026-08-08,Banco Ganadero,11.87,13107514.0
2026-08-08,Banco Mercantil Santa Cruz,11.87,6707597.0
2026-08-08,Banco Nacional de Bolivia,11.75,4040013.0
2026-08-08,Banco PYME Ecofuturo,11.62,2714.0
2026-08-08,Banco PYME de la Comunidad,12.02,58829.0
2026-08-08,Banco Prodem,11.82,288044.0
2026-08-08,Banco Solidario,11.85,1143658.0
2026-08-08,Banco Unión,11.92,889618.0
2026-08-08,Banco de Crédito,11.8,1650749.0
2026-08-08,Banco de la Nación Argentina,11.82,13769.0
2026-08-09,Banco BISA,11.86,30301395.0
2026-08-09,Banco Económico,11.88,1960611.0
2026-08-09,Banco FIE,12.05,213463.0
2026-08-09,Banco Fortaleza,11.87,105065.0
2026-08-09,Banco Ganadero,11.87,13107514.0
2026-08-09,Banco Mercantil Santa Cruz,11.87,6707597.0
2026-08-09,Banco Nacional de Bolivia,11.75,4040013.0
2026-08-09,Banco PYME Ecofuturo,11.62,2714.0
2026-08-09,Banco PYME de la Comunidad,12.02,58829.0
2026-08-09,Banco Prodem,11.82,288044.0
2026-08-09,Banco Solidario,11.85,1143658.0
2026-08-09,Banco Unión,11.92,889618.0
2026-08-09,Banco de Crédito,11.8,1650749.0
2026-08-09,Banco de la Nación Argentina,11.82,13769.0
2026-08-10,Banco BISA,11.86,30301395.0
2026-08-10,Banco Económico,11.88,1960611.0
2026-08-10,Banco FIE,12.05,213463.0
2026-08-10,Banco Fortaleza,11.87,105065.0
2026-08-10,Banco Ganadero,11.87,13107514.0
2026-08-10,Banco Mercantil Santa Cruz,11.87,6707597.0
2026-08-10,Banco Nacional de Bolivia,11.75,4040013.0
2026-08-10,Banco PYME Ecofuturo,11.62,2714.0
2026-08-10,Banco PYME de la Comunidad,12.02,58829.0
2026-08-10,Banco Prodem,11.82,288044.0
2026-08-10,Banco Solidario,11.85,1143658.0
2026-08-10,Banco Unión,11.92,889618.0
2026-08-10,Banco de Crédito,11.8,1650749.0
2026-08-10,Banco de la Nación Argentina,11.82,13769.0
2026-08-11,Banco BISA,11.76,19752071.0
2026-08-11,Banco Económico,11.1,48413.0
2026-08-11,Banco FIE,11.76,347302.0
2026-08-11,Banco Fortaleza,11.74,30067.0
2026-08-11,Banco Ganadero,11.82,26287525.0
2026-08-11,Banco Mercantil Santa Cruz,11.77,9453503.0
2026-08-11,Banco Nacional de Bolivia,11.69,2739404.0
2026-08-11,Banco PYME Ecofuturo,11.46,3316.0
2026-08-11,Banco PYME de la Comunidad,11.86,47533.0
2026-08-11,Banco Prodem,11.66,349500.0
2026-08-11,Banco Solidario,11.59,1154983.0
2026-08-11,Banco Unión,11.36,248412.0
2026-08-11,Banco de Crédito,11.67,2235624.0
2026-08-11,Banco de la Nación Argentina,11.79,11516.0
2026-08-12,Banco BISA,11.73,72570741.0
2026-08-12,Banco Económico,11.65,718615.0
2026-08-12,Banco FIE,11.71,909124.0
2026-08-12,Banco Fortaleza,11.6,148428.0
2026-08-12,Banco Ganadero,11.69,11845324.0
2026-08-12,Banco Mercantil Santa Cruz,11.54,1133686.0
2026-08-12,Banco Nacional de Bolivia,11.41,910171.0
2026-08-12,Banco PYME Ecofuturo,11.37,200.0
2026-08-12,Banco PYME de la Comunidad,11.77,8301.0
2026-08-12,Banco Prodem,11.57,409921.0
2026-08-12,Banco Solidario,11.76,5907069.0
2026-08-12,Banco Unión,10.73,665315.0
2026-08-12,Banco de Crédito,11.6,1028144.0
2026-08-12,Banco de la Nación Argentina,11.27,580.0
2026-08-13,Banco BISA,11.69,12318126
2026-08-13,Banco Económico,11.50,531240
2026-08-13,Banco FIE,11.67,187612
2026-08-13,Banco Fortaleza,11.61,2471870
2026-08-13,Banco Ganadero,11.63,8382354
2026-08-13,Banco Mercantil Santa Cruz,11.71,5048105
2026-08-13,Banco Nacional de Bolivia,11.56,3082805
2026-08-13,Banco PYME Ecofuturo,-,-
2026-08-13,Banco PYME de la Comunidad,11.47,8462
2026-08-13,Banco Prodem,11.41,271193
2026-08-13,Banco Solidario,11.61,647140
2026-08-13,Banco Unión,10.67,51181
2026-08-13,Banco de Crédito,11.69,5910414
2026-08-13,Banco de la Nación Argentina,11.21,1350
2026-08-14,Banco BISA,11.64,12770296.0
2026-08-14,Banco Económico,11.42,1144155.0
2026-08-14,Banco FIE,11.61,77182.0
2026-08-14,Banco Fortaleza,11.54,212246.0
2026-08-14,Banco Ganadero,11.59,5781733.0
2026-08-14,Banco Mercantil Santa Cruz,11.66,10821109.0
2026-08-14,Banco Nacional de Bolivia,11.57,2871760.0
2026-08-14,Banco PYME Ecofuturo,11.26,1500.0
2026-08-14,Banco PYME de la Comunidad,11.51,13401.0
2026-08-14,Banco Prodem,11.36,177954.0
2026-08-14,Banco Solidario,11.6,3281690.0
2026-08-14,Banco Unión,10.16,18225.0
2026-08-14,Banco de Crédito,11.63,4781021.0
2026-08-14,Banco de la Nación Argentina,11.55,145788.0
2026-08-15,Banco BISA,11.56,12800668
2026-08-15,Banco Económico,11.52,782249
2026-08-15,Banco FIE,11.63,1086452
2026-08-15,Banco Fortaleza,11.54,241180
2026-08-15,Banco Ganadero,11.59,11167635
2026-08-15,Banco Mercantil Santa Cruz,11.59,5524586
2026-08-15,Banco Nacional de Bolivia,11.47,1159765
2026-08-15,Banco PYME Ecofuturo,11.22,1
2026-08-15,Banco PYME de la Comunidad,-,-
2026-08-15,Banco Prodem,11.32,50458
2026-08-15,Banco Solidario,11.51,370467
2026-08-15,Banco Unión,11.52,59954
2026-08-15,Banco de Crédito,11.62,3040586
2026-08-15,Banco de la Nación Argentina,11.46,32075
2026-08-18,Banco BISA,11.56,6497350.0
2026-08-18,Banco Económico,11.48,333053.0
2026-08-18,Banco FIE,11.49,240087.0
2026-08-18,Banco Fortaleza,11.58,335475.0
2026-08-18,Banco Ganadero,11.55,12645125.0
2026-08-18,Banco Mercantil Santa Cruz,11.58,3791902.0
2026-08-18,Banco Nacional de Bolivia,11.48,2431329.0
2026-08-18,Banco PYME Ecofuturo,11.18,251.0
2026-08-18,Banco PYME de la Comunidad,11.5,247.0
2026-08-18,Banco Prodem,11.28,6305.0
2026-08-18,Banco Solidario,11.6,613136.0
2026-08-18,Banco Unión,10.5,58751.0
2026-08-18,Banco de Crédito,11.59,2323703.0
2026-08-18,Banco de la Nación Argentina,11.08,2332.0
2026-08-19,Banco BISA,11.51,51436770.0
2026-08-19,Banco Económico,11.44,403708.0
2026-08-19,Banco FIE,11.38,48587.0
2026-08-19,Banco Fortaleza,11.55,124681.0
2026-08-19,Banco Ganadero,11.54,6293207.0
2026-08-19,Banco Mercantil Santa Cruz,11.52,4160935.0
2026-08-19,Banco Nacional de Bolivia,11.5,2002197.0
2026-08-19,Banco PYME Ecofuturo,11.15,2551.0
2026-08-19,Banco PYME de la Comunidad,11.15,1940.0
2026-08-19,Banco Prodem,11.25,12065.0
2026-08-19,Banco Solidario,11.52,3386444.0
2026-08-19,Banco Unión,10.5,61103.0
2026-08-19,Banco de Crédito,11.52,1522230.0
2026-08-19,Banco de la Nación Argentina,11.05,2763.0
2026-08-20,Banco BISA,11.51,51436770.0
2026-08-20,Banco Económico,11.44,403708.0
2026-08-20,Banco FIE,11.38,48587.0
2026-08-20,Banco Fortaleza,11.55,124681.0
2026-08-20,Banco Ganadero,11.54,6293207.0
2026-08-20,Banco Mercantil Santa Cruz,11.52,4160935.0
2026-08-20,Banco Nacional de Bolivia,11.5,2002197.0
2026-08-20,Banco PYME Ecofuturo,11.15,2551.0
2026-08-20,Banco PYME de la Comunidad,11.15,1940.0
2026-08-20,Banco Prodem,11.25,12065.0
2026-08-20,Banco Solidario,11.52,3386444.0
2026-08-20,Banco Unión,10.5,61103.0
2026-08-20,Banco de Crédito,11.52,1522230.0
2026-08-20,Banco de la Nación Argentina,11.05,2763.0
2026-08-21,Banco BISA,11.52,7939410
2026-08-21,Banco Económico,11.56,1492326
2026-08-21,Banco FIE,11.32,14575
2026-08-21,Banco Fortaleza,11.47,98086
2026-08-21,Banco Ganadero,11.52,7434731
2026-08-21,Banco Mercantil Santa Cruz,11.45,3748640
2026-08-21,Banco Nacional de Bolivia,11.51,5039002
2026-08-21,Banco PYME Ecofuturo,-,-
2026-08-21,Banco PYME de la Comunidad,11.12,1104
2026-08-21,Banco Prodem,11.22,13867
2026-08-21,Banco Solidario,11.57,3189295
2026-08-21,Banco Unión,11.45,87131
2026-08-21,Banco de Crédito,11.53,3532604
2026-08-21,Banco de la Nación Argentina,11.48,120321
2026-08-26,Banco BISA,11.53,25462105.0
2026-08-26,Banco Económico,11.61,1193528.0
2026-08-26,Banco FIE,11.66,1034956.0
2026-08-26,Banco Fortaleza,11.5,82828.0
2026-08-26,Banco Ganadero,11.57,5262517.0
2026-08-26,Banco Mercantil Santa Cruz,11.71,6991372.0
2026-08-26,Banco Nacional de Bolivia,11.55,1600491.0
2026-08-26,Banco PYME Ecofuturo,11.14,1.0
2026-08-26,Banco PYME de la Comunidad,11.14,4.0
2026-08-26,Banco Prodem,11.24,8352.0
2026-08-26,Banco Solidario,11.59,1405828.0
2026-08-26,Banco Unión,10.5,3722.0
2026-08-26,Banco de Crédito,11.62,2315219.0
2026-08-26,Banco de la Nación Argentina,11.05,9844.0
2026-08-27,Banco BISA,11.72,12735607.0
2026-08-27,Banco Económico,11.64,367349.0
2026-08-27,Banco FIE,11.78,1306468.0
2026-08-27,Banco Fortaleza,11.6,98333.0
2026-08-27,Banco Ganadero,11.68,16277226.0
2026-08-27,Banco Mercantil Santa Cruz,11.74,8613420.0
2026-08-27,Banco Nacional de Bolivia,11.73,4938442.0
2026-08-27,Banco PYME Ecofuturo,11.17,3.0
2026-08-27,Banco PYME de la Comunidad,11.17,600.0
2026-08-27,Banco Prodem,11.27,6230.0
2026-08-27,Banco Solidario,11.68,927612.0
2026-08-27,Banco Unión,10.5,5826.0
2026-08-27,Banco de Crédito,11.71,4226139.0
2026-08-27,Banco de la Nación Argentina,11.49,8372.0
2026-08-28,Banco BISA,11.87,7015087.0
2026-08-28,Banco Económico,11.79,1267529.0
2026-08-28,Banco FIE,11.81,240795.0
2026-08-28,Banco Fortaleza,11.66,406059.0
2026-08-28,Banco Ganadero,11.81,10431909.0
2026-08-28,Banco Mercantil Santa Cruz,11.75,2399225.0
2026-08-28,Banco Nacional de Bolivia,11.71,1221841.0
2026-08-28,Banco PYME Ecofuturo,11.31,1000.0
2026-08-28,Banco PYME de la Comunidad,11.31,292.0
2026-08-28,Banco Prodem,11.41,6719.0
2026-08-28,Banco Solidario,11.94,2581518.0
2026-08-28,Banco Unión,10.5,17444.0
2026-08-28,Banco de Crédito,11.85,2145904.0
2026-08-28,Banco de la Nación Argentina,11.82,627547.0
2026-08-29,Banco BISA,11.95,3334635.0
2026-08-29,Banco Económico,11.98,2091028.0
2026-08-29,Banco FIE,11.63,2877.0
2026-08-29,Banco Fortaleza,11.89,18594.0
2026-08-29,Banco Ganadero,12.01,5889786.0
2026-08-29,Banco Mercantil Santa Cruz,11.77,3226673.0
2026-08-29,Banco Nacional de Bolivia,11.85,1595783.0
2026-08-29,Banco PYME Ecofuturo,11.43,9.0
2026-08-29,Banco PYME de la Comunidad,11.43,13836.0
2026-08-29,Banco Prodem,11.53,633.0
2026-08-29,Banco Solidario,12.05,2620781.0
2026-08-29,Banco Unión,10.5,569358.0
2026-08-29,Banco de Crédito,12.08,2490179.0
2026-08-29,Banco de la Nación Argentina,11.77,49372.0
2026-08-30,Banco BISA,11.95,3334635.0
2026-08-30,Banco Económico,11.98,2091028.0
2026-08-30,Banco FIE,11.63,2877.0
2026-08-30,Banco Fortaleza,11.89,18594.0
2026-08-30,Banco Ganadero,12.01,5889786.0
2026-08-30,Banco Mercantil Santa Cruz,11.77,3226673.0
2026-08-30,Banco Nacional de Bolivia,11.85,1595783.0
2026-08-30,Banco PYME Ecofuturo,11.43,9.0
2026-08-30,Banco PYME de la Comunidad,11.43,13836.0
2026-08-30,Banco Prodem,11.53,633.0
2026-08-30,Banco Solidario,12.05,2620781.0
2026-08-30,Banco Unión,10.5,569358.0
2026-08-30,Banco de Crédito,12.08,2490179.0
2026-08-30,Banco de la Nación Argentina,11.77,49372.0
